formulation,solver,capacity_scale,utilization_percent,coverage_percent,covered_cameras,uncovered_cameras,objective_value,assignment_cost,capacity_rejected_raw_assignments,failed_batches,total_time_sec,throughput_cam_per_sec,avg_qubo_variables,avg_qubo_coefficient_count,avg_capacity_conflict_quadratic_count,capacity_conflict_enabled,capacity_aware_decoder,summary_path
AO-QUBO,SQA,0.25,95.06835553337386,4.18,836,19164,287890.0383961901,430.03839619011626,19164,246,123.36811971664429,6.776467063939619,1600.0,16800.0,0.0,False,False,logs_capacity_stress\ao_qubo_sqa\summary_20260602_101711.json
Capacity-Priced-Greedy-20,Capacity-Priced Greedy,0.25,95.06835553337386,99.6,19920,80,13398.691161038445,12198.691161038445,0,0,4.78143310546875,4166.114961896374,0.0,0.0,0.0,False,False,logs_quality_stress_strong_baselines\logs_capacity_priced_greedy_20\summary_20260727_170131.json
GRASP-20,Greedy Randomized Adaptive Search,0.25,95.06835553337386,99.6,19920,80,13432.676525310422,12232.676525310422,0,0,34.146167039871216,583.3744085167789,0.0,0.0,0.0,False,False,logs_quality_stress_strong_baselines\logs_grasp_20\summary_20260727_171751.json
Lagrangian-Price-20,Lagrangian-Price Assignment,0.25,95.06835553337386,99.6,19920,80,13727.28396400487,12527.28396400487,0,0,3.9124271869659424,5091.468555980414,0.0,0.0,0.0,False,False,logs_quality_stress_strong_baselines\logs_lagrangian_price_20\summary_20260727_170140.json
PRC-QUBO,SQA,0.25,95.06835553337386,94.435,18887,1113,27388.139894873875,10693.139894873875,2666,0,397.4768772125244,47.51722951144509,1600.0,16800.0,0.0,False,False,logs_capacity_stress\prc_qubo_sqa\summary_20260602_095434.json
PRC-QUBO-C,SQA,0.25,95.06835553337386,99.6,19920,80,12842.136767379043,11642.136767379043,0,0,358.0313341617584,55.63758838772517,1600.0,80000.0,63200.0,True,True,logs_article_revision\prc_qubo_c_sqa_s0p25\summary_20260912_201829.json
PRC-QUBO-C,SQA,0.25,95.06835553337386,99.6,19920,80,12863.764534849433,11663.764534849433,0,0,506.192241191864,39.35263794857268,1600.0,80000.0,63200.0,True,True,logs_article_revision\prc_qubo_c_sqa_s0p25\summary_20260912_203238.json
PRC-QUBO-C,SQA,0.25,95.06835553337386,99.6,19920,80,12788.440428978623,11588.440428978623,0,0,1709.8355238437653,11.650243384357344,1600.0,80000.0,63200.0,False,True,logs_prc_qubo_conflict\prc_qubo_c_sqa_s0p25\summary_20260821_171959.json
PRC-QUBO-C-no-decoder,SQA,0.25,95.06835553337386,99.765,19953,47,12055.940786301628,11350.940786301628,489,0,376.98010182380676,52.928523026729,1600.0,80000.0,63200.0,True,False,logs_article_revision\prc_qubo_c_no_decoder_sqa_s0p25\summary_20260912_202619.json
PRC-QUBO-C-no-decoder,SQA,0.25,95.06835553337386,99.7,19940,60,12290.09185879568,11390.09185879568,525,0,1483.7212805747986,13.439181779663615,1600.0,80000.0,63200.0,True,False,logs_article_revision\prc_qubo_c_no_decoder_sqa_s0p25\summary_20260912_212910.json
PRC-QUBO-D,SQA,0.25,95.06835553337386,99.6,19920,80,12779.619972501023,11579.619972501023,0,0,108.5663754940033,183.4822237489202,1600.0,16800.0,0.0,False,True,logs_article_revision\prc_qubo_d_sqa_s0p25\summary_20260912_202429.json
RC-Greedy-20,GREEDY,0.25,95.06835553337386,99.6,19920,80,13894.242371043132,12694.242371043132,0,0,0.7106964588165283,28028.84375302973,1600.0,0.0,0.0,False,False,logs_capacity_stress\rc_greedy_20_greedy\summary_20260602_105031.json
Regret-Best-Fit-20,Regret Best-Fit Assignment,0.25,95.06835553337386,99.6,19920,80,13062.924431579795,11862.924431579795,0,0,75.08103680610657,265.3133314000779,0.0,0.0,0.0,False,False,logs_quality_stress_strong_baselines\logs_regret_best_fit_20\summary_20260727_170147.json
Static-QCP-QUBO,SQA,0.25,95.06835553337386,4.15,830,19170,287987.0565444251,437.056544425066,19170,245,392.3092703819275,2.115677764106784,1600.0,80000.0,0.0,False,False,logs_capacity_stress\static_qcp_qubo_sqa\summary_20260602_104000.json
Tabu-20,Tabu Search Light,0.25,95.06835553337386,99.6,19920,80,13404.380640820236,12204.380640820236,0,0,12.990362644195557,1533.444488472444,0.0,0.0,0.0,False,False,logs_quality_stress_strong_baselines\logs_tabu_20\summary_20260727_171737.json
AO-QUBO,SA,0.33,72.02148146467717,5.605,1121,18879,283757.6510880869,572.6510880868846,18879,242,111.10926055908203,10.089168034773406,1600.0,16800.0,0.0,False,False,logs_capacity_stress\ao_qubo_sa\summary_20260602_105313.json
AO-QUBO,SQA,0.33,72.02148146467717,5.64,1128,18872,283661.85907538934,581.8590753893658,18872,244,129.8052544593811,8.689940978875981,1600.0,16800.0,0.0,False,False,logs_capacity_stress\ao_qubo_sqa\summary_20260602_101452.json
Capacity-Priced-Greedy-20,Capacity-Priced Greedy,0.33,72.02148146467717,99.6,19920,80,13654.062367643777,12454.062367643777,0,0,1.8664186000823975,10672.846916077982,0.0,0.0,0.0,False,False,logs_quality_stress_strong_baselines\logs_capacity_priced_greedy_20\summary_20260727_170036.json
GRASP-20,Greedy Randomized Adaptive Search,0.33,72.02148146467717,99.6,19920,80,13765.950357351387,12565.950357351387,0,0,82.72574591636658,240.79565290518582,0.0,0.0,0.0,False,False,logs_quality_stress_strong_baselines\logs_grasp_20\summary_20260727_171612.json
Lagrangian-Price-20,Lagrangian-Price Assignment,0.33,72.02148146467717,99.6,19920,80,13667.167296967522,12467.167296967522,0,0,1.4046084880828857,14181.88781358448,0.0,0.0,0.0,False,False,logs_quality_stress_strong_baselines\logs_lagrangian_price_20\summary_20260727_170039.json
PRC-QUBO,SA,0.33,72.02148146467717,98.875,19775,225,15118.906488861912,11743.906488861912,478,0,124.03477692604065,159.43109255391673,1600.0,16800.0,0.0,False,False,logs_capacity_stress\prc_qubo_sa\summary_20260602_105059.json
PRC-QUBO,SQA,0.33,72.02148146467717,98.685,19737,263,15659.358926188099,11714.358926188099,633,0,403.696816444397,48.89065059723717,1600.0,16800.0,0.0,False,False,logs_capacity_stress\prc_qubo_sqa\summary_20260602_094720.json
PRC-QUBO-C,SQA,0.33,72.02148146467717,99.6,19920,80,13259.866328441225,12059.866328441225,0,0,448.10045862197876,44.45431736726848,1600.0,80000.0,63200.0,True,True,logs_article_revision\prc_qubo_c_sqa_s0p33\summary_20260912_201058.json
PRC-QUBO-C-no-decoder,SQA,0.33,72.02148146467717,99.59,19918,82,13172.529876244327,11942.529876244327,23,0,930.913302898407,21.396192253333503,1600.0,80000.0,63200.0,True,False,logs_article_revision\prc_qubo_c_no_decoder_sqa_s0p33\summary_20260912_211332.json
RC-Greedy-20,GREEDY,0.33,72.02148146467717,99.6,19920,80,13858.515213684444,12658.515213684444,0,0,0.6864233016967773,29019.993859123857,1600.0,0.0,0.0,False,False,logs_capacity_stress\rc_greedy_20_greedy\summary_20260602_104822.json
Regret-Best-Fit-20,Regret Best-Fit Assignment,0.33,72.02148146467717,99.6,19920,80,13444.355702448114,12244.355702448114,0,0,45.82505178451538,434.69672644715075,0.0,0.0,0.0,False,False,logs_quality_stress_strong_baselines\logs_regret_best_fit_20\summary_20260727_170042.json
Static-QCP-QUBO,SA,0.33,72.02148146467717,5.510000000000001,1102,18898,284031.1441772912,561.1441772912058,18898,243,739.5563015937805,1.490082631471242,1600.0,80000.0,0.0,False,False,logs_capacity_stress\static_qcp_qubo_sa\summary_20260602_105512.json
Static-QCP-QUBO,SQA,0.33,72.02148146467717,5.415,1083,18917,284312.3212691533,557.3212691533096,18917,242,391.6585650444031,2.765163580368064,1600.0,80000.0,0.0,False,False,logs_capacity_stress\static_qcp_qubo_sqa\summary_20260602_103316.json
Tabu-20,Tabu Search Light,0.33,72.02148146467717,99.6,19920,80,13630.545501562021,12430.545501562021,0,0,48.101943016052246,414.1204855976906,0.0,0.0,0.0,False,False,logs_quality_stress_strong_baselines\logs_tabu_20\summary_20260727_171521.json
AO-QUBO,SQA,0.5,47.53417776668693,8.905000000000001,1781,18219,274223.42995043856,938.4299504385807,18219,239,389.64582419395447,4.570817623117833,1600.0,16800.0,0.0,False,False,logs_capacity_stress\ao_qubo_sqa\summary_20260602_100808.json
Capacity-Priced-Greedy-20,Capacity-Priced Greedy,0.5,47.53417776668693,99.6,19920,80,13382.734678555404,12182.734678555404,0,0,1.8548121452331543,10739.632070662341,0.0,0.0,0.0,False,False,logs_quality_stress_strong_baselines\logs_capacity_priced_greedy_20\summary_20260727_170003.json
GRASP-20,Greedy Randomized Adaptive Search,0.5,47.53417776668693,99.6,19920,80,13516.843956785136,12316.843956785136,0,0,115.68417096138,172.19296153014824,0.0,0.0,0.0,False,False,logs_quality_stress_strong_baselines\logs_grasp_20\summary_20260727_171322.json
Lagrangian-Price-20,Lagrangian-Price Assignment,0.5,47.53417776668693,99.6,19920,80,13407.250763023028,12207.250763023028,0,0,1.6178021430969238,12313.001367316509,0.0,0.0,0.0,False,False,logs_quality_stress_strong_baselines\logs_lagrangian_price_20\summary_20260727_170006.json
PRC-QUBO,SQA,0.5,47.53417776668693,99.555,19911,89,12939.201188656461,11604.201188656461,10,0,376.36268639564514,52.903756721166786,1600.0,16800.0,0.0,False,False,logs_capacity_stress\prc_qubo_sqa\summary_20260602_094043.json
PRC-QUBO-C,SQA,0.5,47.53417776668693,99.6,19920,80,13052.136923931199,11852.136923931199,0,0,378.5358085632324,52.623819330615504,1600.0,80000.0,63200.0,True,True,logs_article_revision\prc_qubo_c_sqa_s0p5\summary_20260912_200438.json
PRC-QUBO-C-no-decoder,SQA,0.5,47.53417776668693,99.6,19920,80,12918.248870006879,11718.248870006879,0,0,657.288450717926,30.306328946206644,1600.0,80000.0,63200.0,True,False,logs_article_revision\prc_qubo_c_no_decoder_sqa_s0p5\summary_20260912_210230.json
RC-Greedy-20,GREEDY,0.5,47.53417776668693,99.6,19920,80,13613.52889439413,12413.52889439413,0,0,0.6773693561553955,29407.884810528907,1600.0,0.0,0.0,False,False,logs_capacity_stress\rc_greedy_20_greedy\summary_20260602_104724.json
Regret-Best-Fit-20,Regret Best-Fit Assignment,0.5,47.53417776668693,99.6,19920,80,13111.879664974638,11911.879664974638,0,0,25.531153678894043,780.2232617661676,0.0,0.0,0.0,False,False,logs_quality_stress_strong_baselines\logs_regret_best_fit_20\summary_20260727_170009.json
Static-QCP-QUBO,SQA,0.5,47.53417776668693,8.84,1768,18232,274421.21172373573,941.2117237357527,18232,239,399.9050602912903,4.421049332839628,1600.0,80000.0,0.0,False,False,logs_capacity_stress\static_qcp_qubo_sqa\summary_20260602_102620.json
Tabu-20,Tabu Search Light,0.5,47.53417776668693,99.6,19920,80,13403.748309545412,12203.748309545412,0,0,47.883697509765625,416.0079742366893,0.0,0.0,0.0,False,False,logs_quality_stress_strong_baselines\logs_tabu_20\summary_20260727_171231.json
AO-QUBO,SQA,1.0,23.767088883343465,19.045,3809,16191,245054.59088494143,2189.59088494142,16191,226,385.8179347515106,9.872532241025082,1600.0,16800.0,0.0,False,False,logs_capacity_stress\ao_qubo_sqa\summary_20260602_100128.json
Capacity-Priced-Greedy-20,Capacity-Priced Greedy,1.0,23.767088883343465,99.6,19920,80,13243.817444173836,12043.817444173836,0,0,1.4545812606811523,13694.662882341718,0.0,0.0,0.0,False,False,logs_quality_stress_strong_baselines\logs_capacity_priced_greedy_20\summary_20260727_165931.json
GRASP-20,Greedy Randomized Adaptive Search,1.0,23.767088883343465,99.6,19920,80,13255.906291174437,12055.906291174437,0,0,119.43348932266235,166.78739031214258,0.0,0.0,0.0,False,False,logs_quality_stress_strong_baselines\logs_grasp_20\summary_20260727_171028.json
Lagrangian-Price-20,Lagrangian-Price Assignment,1.0,23.767088883343465,99.6,19920,80,13276.977704941914,12076.977704941914,0,0,1.4303011894226074,13927.136569075654,0.0,0.0,0.0,False,False,logs_quality_stress_strong_baselines\logs_lagrangian_price_20\summary_20260727_165934.json
PRC-QUBO,SQA,1.0,23.767088883343465,99.6,19920,80,12852.250731420625,11652.250731420625,0,0,406.1595208644867,49.0447693004991,1600.0,16800.0,0.0,False,False,logs_capacity_stress\prc_qubo_sqa\summary_20260602_093342.json
PRC-QUBO-C,SQA,1.0,23.767088883343465,99.6,19920,80,12922.198785274964,11722.198785274964,0,0,687.3775036334991,28.97970895861772,1600.0,80000.0,63200.0,True,True,logs_article_revision\prc_qubo_c_sqa_s1p0\summary_20260912_195308.json
PRC-QUBO-C-no-decoder,SQA,1.0,23.767088883343465,99.6,19920,80,12890.60463513195,11690.60463513195,0,0,697.128005027771,28.574379247906503,1600.0,80000.0,63200.0,True,False,logs_article_revision\prc_qubo_c_no_decoder_sqa_s1p0\summary_20260912_205050.json
RC-Greedy-20,GREEDY,1.0,23.767088883343465,99.6,19920,80,13269.984415718227,12069.984415718227,0,0,0.8102385997772217,24585.35054424349,1600.0,0.0,0.0,False,False,logs_capacity_stress\rc_greedy_20_greedy\summary_20260602_104644.json
Regret-Best-Fit-20,Regret Best-Fit Assignment,1.0,23.767088883343465,99.6,19920,80,13193.736618609355,11993.736618609355,0,0,24.834541082382202,802.1086411027497,0.0,0.0,0.0,False,False,logs_quality_stress_strong_baselines\logs_regret_best_fit_20\summary_20260727_165937.json
Static-QCP-QUBO,SQA,1.0,23.767088883343465,19.305,3861,16139,244324.3587154951,2239.358715495109,16139,227,398.321542263031,9.693173957060035,1600.0,80000.0,0.0,False,False,logs_capacity_stress\static_qcp_qubo_sqa\summary_20260602_101929.json
Tabu-20,Tabu Search Light,1.0,23.767088883343465,99.6,19920,80,13209.740856038712,12009.740856038712,0,0,47.3255660533905,420.9141413655186,0.0,0.0,0.0,False,False,logs_quality_stress_strong_baselines\logs_tabu_20\summary_20260727_170937.json
